ID,Name,Age,Department,Salary,Experience_Years
1,Grace,16.0,Finance,76651.76,4.3
2,,39.0,Operations,53930.94,2.2
3,Omar,19.0,Hr,54156.98,3.1
4,Kiran,28.0,Operations,75779.7,7.0
5,,39.0,Finance,48553.13,3.0
6,Grace,31.0,Finance,63733.94,2.5
7,Tom,37.0,It,35092.76,7.4
8,Kiran,35.0,It,87294.59,6.4
9,Kiran,40.0,Hr,78098.28,6.1
10,David,38.0,Operations,101251.61,3.0
11,Hannah,26.0,Finance,351744.0,8.9
12,Charlie,35.0,Hr,43055.25,5.0
13,Bob,18.0,Sales,70029.75,12.1
14,Lata,,Hr,46229.87,5.5
15,Frank,37.0,Marketing,83670.56,-2.0
16,Bob,,Hr,43482.9,-2.1
17,Alice,34.0,Marketing,42762.68,6.9
18,,28.0,Marketing,35852.83,8.9
19,Lata,39.0,Marketing,52674.3,2.6
20,Rahul,29.0,Sales,49657.83,11.3
21,Jack,26.0,Hr,41075.26,10.0
22,Priya,37.0,Hr,89847.14,5.6
23,Omar,19.0,Sales,67948.21,6.6
24,Omar,34.0,Finance,66183.52,7.7
25,Tom,22.0,It,83837.47,10.7
26,Lata,40.0,Hr,63843.87,7.0
27,Uma,28.0,It,48769.8,5.6
28,Charlie,31.0,Operations,34496.85,7.0
29,Eva,33.0,Operations,47924.14,6.6
30,Tom,15.0,Sales,82581.23,7.8
31,Grace,25.0,Operations,41169.96,0.3
32,Ian,38.0,Operations,65296.91,5.9
33,Grace,37.0,Finance,75508.88,6.4
34,Sara,32.0,Finance,64280.17,4.8
35,David,19.0,Finance,65984.75,7.4
36,,35.0,Operations,,10.8
37,Sara,36.0,Sales,65689.21,5.4
38,Ian,30.0,Marketing,84136.11,7.1
39,Bob,40.0,Marketing,44395.62,9.8
40,,25.0,It,63606.37,5.5
41,Omar,26.0,Marketing,,2.3
42,Grace,10.0,Marketing,28893.81,6.8
43,Lata,37.0,Finance,58774.93,-1.6
44,Hannah,33.0,Finance,68150.69,-1.9
45,Omar,,Operations,84460.02,6.0
46,Charlie,16.0,It,96296.88,-2.0
47,Nina,23.0,Hr,79797.91,1.1
48,Rahul,36.0,It,70907.49,3.9
49,David,28.0,It,62399.47,2.8
50,Sara,24.0,Sales,37031.58,4.6
51,Hannah,22.0,Operations,57809.45,8.3
52,David,22.0,Sales,79355.65,5.7
53,Bob,15.0,It,73474.23,2.5
54,Frank,20.0,It,40704.99,9.1
55,Jack,21.0,It,69210.38,0.7
56,David,35.0,Marketing,67925.89,5.7
57,Sara,29.0,Sales,65248.35,0.4
58,Lata,,It,59582.17,5.8
59,Bob,48.0,Finance,69983.76,4.0
60,Jack,25.0,Operations,70459.7,8.2
61,David,39.0,Operations,856282.0,7.2
62,Nina,43.0,Finance,66825.21,3.2
63,Priya,17.0,Operations,57159.07,2.7
64,Omar,31.0,Marketing,37691.49,4.1
65,Hannah,,Marketing,51575.89,10.6
66,Nina,25.0,Hr,36544.65,9.9
67,Hannah,34.0,Hr,74701.4,2.1
68,Priya,25.0,Hr,65338.34,7.4
69,Mohan,26.0,Operations,54667.64,-0.2
70,Sara,29.0,Marketing,369598.0,3.7
71,Omar,27.0,Marketing,61019.86,2.2
72,Mohan,21.0,Marketing,38531.66,8.2
73,Ian,36.0,Finance,53407.82,1.1
74,Omar,38.0,Marketing,84492.81,6.3
75,Mohan,33.0,Finance,49957.87,5.0
76,Alice,27.0,Hr,64128.32,4.5
77,Grace,24.0,Hr,71158.15,10.0
78,Ian,24.0,Operations,68849.23,10.3
79,Alice,49.0,Hr,96741.9,4.6
80,Lata,38.0,Operations,42355.45,4.0
81,Hannah,23.0,It,43853.05,0.5
82,Kiran,31.0,It,42603.68,5.0
83,Tom,27.0,Sales,55561.22,10.9
84,Rahul,35.0,Operations,,4.6
85,Hannah,34.0,Sales,44523.98,7.2
86,Charlie,39.0,Sales,76700.41,0.8
87,,23.0,It,60526.9,3.7
88,Alice,31.0,Operations,43365.05,6.4
89,Eva,16.0,It,33729.45,5.3
90,Jack,20.0,Sales,37086.44,7.5
91,Grace,37.0,Operations,50012.2,3.2
92,Ian,22.0,Sales,57462.73,-0.2
93,Grace,23.0,Marketing,80190.94,8.4
94,Ian,,Operations,71986.32,2.2
95,Hannah,36.0,Operations,47415.88,6.5
96,Lata,22.0,Sales,66129.98,6.4
97,,2.0,Marketing,84773.19,0.0
98,Alice,23.0,Finance,88108.76,8.1
99,Priya,40.0,It,55283.91,3.3
100,Eva,33.0,Sales,74374.33,5.2
101,Charlie,41.0,Operations,80849.33,3.9
102,Lata,21.0,It,37393.92,9.9
103,Hannah,,It,52313.89,9.0
104,Charlie,34.0,It,93300.28,-0.4
105,Alice,32.0,Finance,55484.46,11.8
106,Charlie,32.0,Hr,16065.73,3.0
107,Eva,37.0,Sales,58185.57,11.3
108,Omar,33.0,Hr,76869.38,4.2
109,Nina,33.0,Hr,60097.66,4.0
110,Charlie,36.0,Hr,70730.46,4.3
111,Alice,34.0,It,74073.33,3.8
112,Eva,37.0,Marketing,54675.94,12.6
113,Nina,38.0,It,,4.8
114,Grace,42.0,It,62301.61,4.1
115,Ian,25.0,Operations,62666.68,5.2
116,Omar,34.0,Operations,60811.15,2.1
117,Omar,27.0,Hr,61427.35,9.8
118,Jack,23.0,It,48771.81,0.6
119,Mohan,24.0,Hr,71254.3,3.2
120,,34.0,Operations,68988.48,7.8
121,,33.0,Marketing,39959.87,5.1
122,Rahul,33.0,Sales,54162.57,6.6
123,Uma,28.0,Hr,,9.6
124,David,30.0,Marketing,51985.3,8.0
125,Eva,37.0,Sales,69560.58,5.4
126,Grace,18.0,Finance,58996.76,11.3
127,Mohan,30.0,Hr,62536.09,3.1
128,Omar,31.0,Hr,53989.36,4.7
129,,36.0,Finance,30101.72,4.9
130,David,,Finance,29244.78,4.7
131,Mohan,42.0,Hr,68844.14,1.8
132,Grace,32.0,Finance,64003.68,0.2
133,Tom,32.0,It,66579.93,6.3
134,Bob,27.0,Sales,62017.09,3.1
135,Jack,34.0,Sales,63218.51,10.7
136,Mohan,30.0,Sales,74535.35,4.8
137,,40.0,It,66669.29,4.2
138,Lata,18.0,Finance,75613.64,8.3
139,Lata,31.0,Marketing,62571.93,6.2
140,Uma,33.0,Finance,55494.27,4.5
141,Kiran,29.0,Hr,62913.04,3.1
142,Grace,27.0,Operations,47457.33,16.0
143,Alice,27.0,Sales,54302.3,6.1
144,Alice,31.0,Finance,62663.57,8.3
145,Uma,16.0,Marketing,62464.77,1.9
146,Mohan,38.0,Hr,58403.72,3.3
147,Ian,26.0,It,39177.23,11.3
148,Charlie,31.0,It,69546.14,9.2
149,Grace,,Marketing,72513.43,6.4
150,Frank,,Hr,84655.36,3.9
151,Hannah,29.0,Sales,,4.3
152,Ian,,Finance,60021.93,3.0
153,Eva,36.0,Hr,44804.56,1.5
154,Alice,39.0,It,82380.27,7.8
155,Tom,16.0,Marketing,63717.49,6.6
156,Jack,,Marketing,62900.6,7.2
157,Lata,20.0,Finance,56189.16,4.0
158,Omar,29.0,Marketing,55230.46,5.8
159,Ian,35.0,Marketing,70324.0,3.7
160,Uma,38.0,Hr,44678.39,2.8
161,Rahul,39.0,Sales,84381.48,10.0
162,Rahul,,Finance,81112.9,5.4
163,Uma,28.0,Hr,54689.08,6.5
164,Lata,21.0,Sales,47042.03,7.5
165,Grace,29.0,Hr,29771.91,5.4
166,Bob,35.0,Operations,41228.79,5.7
167,Charlie,20.0,Hr,70948.67,1.7
168,Rahul,43.0,Marketing,64730.13,2.3
169,Eva,37.0,Sales,67404.8,2.2
170,Rahul,28.0,Finance,32316.31,6.8
171,,24.0,Finance,54062.77,5.2
172,Rahul,25.0,Sales,80509.09,2.3
173,Bob,31.0,Marketing,58559.59,6.7
174,,28.0,It,40915.58,6.6
175,Eva,38.0,Hr,58325.97,2.9
176,Alice,27.0,Marketing,48434.74,4.9
177,Alice,34.0,Operations,65005.19,6.6
178,Tom,30.0,Sales,60308.18,2.4
179,Bob,32.0,Hr,68149.45,6.7
180,,,Finance,41731.15,5.9
181,Frank,,It,53269.25,2.0
182,David,36.0,Operations,426710.0,5.7
183,Kiran,34.0,Finance,39685.8,6.1
184,Rahul,35.0,Sales,44953.32,3.1
185,Frank,22.0,Hr,62989.46,3.4
186,Eva,33.0,Sales,64300.95,2.0
187,Uma,40.0,Hr,52667.25,3.7
188,Bob,34.0,Marketing,55823.51,5.0
189,Frank,22.0,It,67998.38,3.4
190,Kiran,30.0,Marketing,72744.53,0.5
191,Priya,33.0,Marketing,43961.68,2.9
192,Priya,24.0,Sales,65464.79,3.7
193,Alice,19.0,It,82680.24,7.5
194,,27.0,Hr,58261.62,6.8
195,Frank,24.0,Hr,43802.41,7.5
196,Priya,,Operations,43108.62,2.8
197,Charlie,17.0,Finance,57588.94,5.4
198,Uma,35.0,Operations,,-2.3
199,David,25.0,Operations,59388.66,6.3
200,Tom,38.0,Hr,62838.48,6.8
201,Charlie,28.0,Sales,,3.9
202,Tom,30.0,Marketing,74746.76,5.9
203,Uma,29.0,Marketing,,0.5
204,Grace,24.0,Marketing,52432.55,2.6
205,Uma,50.0,It,69448.72,7.3
206,Ian,26.0,Hr,29408.53,6.5
207,Alice,38.0,Sales,62609.42,3.8
208,Hannah,21.0,It,44413.9,7.4
209,Grace,33.0,Finance,60248.24,5.4
210,Sara,34.0,Sales,54719.17,3.5
211,Hannah,30.0,Operations,91587.52,4.5
212,,25.0,Sales,54103.18,3.6
213,Kiran,28.0,Sales,87639.77,1.4
214,Sara,27.0,Marketing,68804.28,8.8
215,Jack,49.0,Sales,47978.12,3.3
216,Charlie,30.0,Operations,64962.16,2.5
217,Grace,34.0,Operations,55433.85,0.4
218,Priya,44.0,Hr,63632.36,-2.9
219,Priya,23.0,Sales,49291.64,7.1
220,Uma,30.0,Marketing,85352.66,7.4
221,Rahul,28.0,Sales,73880.97,8.6
222,Bob,29.0,Finance,60476.72,4.6
223,Alice,29.0,Finance,85936.72,4.0
224,Priya,24.0,Marketing,61114.19,3.5
225,Lata,32.0,Hr,76464.37,3.8
226,Eva,21.0,Hr,60574.51,8.4
227,Eva,38.0,Operations,65908.31,4.9
228,Ian,35.0,Operations,58778.42,6.1
229,Ian,26.0,It,61429.52,3.7
230,Charlie,26.0,Marketing,62557.98,9.0
231,Tom,32.0,Sales,49954.02,-0.7
232,,24.0,Marketing,53983.97,1.3
233,Priya,44.0,It,56748.67,6.1
234,Charlie,33.0,Operations,63445.67,10.3
235,Uma,33.0,Marketing,927591.0,4.3
236,Alice,,Marketing,77595.49,2.5
237,,25.0,Operations,72706.77,8.0
238,Kiran,39.0,It,57055.09,6.0
239,Rahul,31.0,Operations,80726.76,8.9
240,Hannah,38.0,Hr,,1.1
241,David,28.0,Sales,29342.61,8.6
242,Frank,41.0,Operations,73984.35,0.4
243,Hannah,33.0,It,49605.24,4.1
244,Uma,47.0,Finance,72011.22,6.2
245,Charlie,27.0,Hr,78573.57,5.6
246,Priya,32.0,Finance,46845.11,8.2
247,Charlie,22.0,Operations,32215.09,-0.5
248,,26.0,Hr,72531.51,5.4
249,Nina,35.0,Sales,62031.04,8.6
250,Sara,39.0,Operations,34973.42,5.2
251,Bob,,Sales,97943.47,1.6
252,Charlie,29.0,Marketing,69366.29,8.0
253,Priya,23.0,Finance,70051.5,3.1
254,Ian,36.0,Hr,80487.27,2.5
255,David,21.0,Sales,51287.64,2.1
256,Alice,35.0,It,61956.81,4.4
257,David,26.0,Sales,40210.17,5.5
258,Alice,32.0,It,50880.77,1.2
259,Nina,39.0,Operations,65784.9,1.8
260,Priya,29.0,Hr,35020.73,2.9
261,,37.0,Sales,,2.1
262,Hannah,37.0,Sales,46080.99,5.1
263,Grace,,Hr,62131.38,6.1
264,Charlie,23.0,Sales,68620.52,5.7
265,Rahul,18.0,It,71132.29,5.7
266,Alice,46.0,Sales,74982.25,10.0
267,Priya,29.0,Finance,80581.75,6.3
268,Lata,44.0,Operations,69108.68,7.4
269,Tom,17.0,Marketing,88310.04,3.8
270,Nina,25.0,It,61792.54,7.8
271,Frank,36.0,Finance,57400.18,3.6
272,Frank,31.0,Operations,69109.61,6.2
273,Mohan,34.0,Hr,56753.83,0.9
274,Tom,20.0,It,87788.47,5.5
275,Hannah,41.0,Marketing,76964.75,2.1
276,Bob,36.0,Operations,71254.17,7.8
277,Alice,33.0,Marketing,61971.29,7.6
278,Omar,25.0,Hr,53887.84,3.6
279,Alice,33.0,Hr,70519.88,11.1
280,Eva,28.0,It,43093.54,4.1
281,Priya,17.0,Sales,83015.45,0.2
282,Tom,30.0,Hr,57335.45,2.7
283,David,,Operations,,1.9
284,Charlie,38.0,Sales,46355.98,6.1
285,Rahul,12.0,Finance,,1.3
286,Rahul,32.0,Marketing,53193.88,3.4
287,Lata,21.0,Sales,69738.43,5.9
288,,33.0,Marketing,71360.9,5.4
289,Frank,33.0,Sales,50285.52,5.0
290,Charlie,29.0,Finance,43147.06,5.4
291,Ian,36.0,Hr,82978.5,3.9
292,Eva,20.0,Finance,57115.51,0.2
293,Rahul,39.0,Hr,63372.73,3.8
294,Nina,24.0,Hr,,6.4
295,Charlie,18.0,Marketing,41194.5,4.6
296,Alice,28.0,Operations,66939.99,6.2
297,Uma,13.0,Finance,61486.9,3.2
298,Alice,32.0,Sales,50347.04,8.0
299,Charlie,28.0,Finance,42651.96,-2.7
300,Sara,40.0,Marketing,69088.28,5.4
301,Jack,35.0,Hr,76915.68,9.0
302,Charlie,19.0,Marketing,62678.86,9.5
303,Hannah,23.0,It,38483.02,4.3
304,Nina,34.0,It,44140.01,1.0
305,Sara,,Sales,53518.14,9.1
306,Omar,40.0,Marketing,83469.3,4.8
307,Bob,40.0,Sales,56298.74,4.5
308,Jack,29.0,Sales,52971.47,2.3
309,Bob,33.0,It,34897.73,1.3
310,Rahul,40.0,Sales,50149.73,6.7
311,Hannah,28.0,It,41505.95,7.0
312,Alice,33.0,Hr,44952.3,5.6
313,Ian,27.0,Marketing,61799.26,2.7
314,Kiran,26.0,Sales,53982.54,1.8
315,Priya,30.0,It,85492.42,0.7
316,Grace,24.0,Finance,76170.05,3.3
317,Jack,29.0,Sales,50866.74,2.0
318,Charlie,22.0,Operations,46247.73,-0.1
319,Sara,28.0,Hr,80739.63,7.0
320,Mohan,34.0,Hr,84900.64,1.0
321,Grace,25.0,Finance,27086.28,8.0
322,,30.0,It,61392.86,6.2
323,Mohan,31.0,Sales,56221.83,5.9
324,Uma,34.0,It,69736.8,10.0
325,Alice,29.0,Hr,89140.02,1.1
326,Hannah,39.0,It,52739.14,7.6
327,Nina,13.0,Hr,29089.52,4.1
328,Priya,54.0,It,68685.12,12.7
329,Nina,23.0,Finance,80849.46,3.9
330,Lata,33.0,Marketing,55443.6,3.4
331,Tom,22.0,Finance,49424.44,6.3
332,Omar,35.0,Finance,53441.11,4.4
333,Bob,32.0,Marketing,72753.08,2.7
334,Bob,25.0,Marketing,53183.09,2.1
335,Tom,39.0,Sales,64931.4,9.4
336,Rahul,29.0,Sales,60417.04,1.5
337,Uma,34.0,Finance,58869.31,5.7
338,Jack,23.0,Finance,70519.38,8.2
339,,30.0,Hr,52821.3,8.3
340,Omar,46.0,Hr,53541.2,3.2
341,Kiran,38.0,Sales,71964.04,4.4
342,Eva,32.0,Operations,45196.12,3.8
343,Alice,,Operations,46796.7,0.4
344,Hannah,31.0,Sales,41095.29,6.6
345,Lata,32.0,Hr,72735.16,5.1
346,Lata,34.0,Hr,58421.45,9.3
347,Eva,21.0,Operations,40295.77,2.5
348,,35.0,It,72807.13,8.3
349,David,21.0,It,51666.87,8.5
350,Frank,43.0,Hr,46924.83,5.1
351,Mohan,,It,57064.82,-1.5
352,Uma,32.0,Marketing,82180.85,3.5
353,Omar,38.0,Sales,54075.57,10.4
354,Charlie,28.0,Sales,68630.08,5.9
355,Hannah,33.0,Hr,70906.2,7.1
356,Uma,,Finance,66649.1,4.7
357,Priya,35.0,Operations,79066.07,4.3
358,Mohan,33.0,Hr,49393.26,-0.6
359,Sara,17.0,It,44349.98,7.4
360,,23.0,Operations,44055.5,8.2
361,Tom,38.0,Finance,57832.97,2.1
362,Rahul,35.0,It,45794.3,4.5
363,Tom,36.0,Marketing,62213.11,4.1
364,Eva,35.0,It,61154.83,6.3
365,Ian,40.0,Marketing,75278.6,3.4
366,Lata,28.0,Operations,64367.16,7.8
367,Alice,31.0,Marketing,53757.72,5.2
368,Alice,22.0,Operations,66162.74,-2.6
369,Omar,20.0,Operations,,6.3
370,,17.0,Operations,59427.89,8.0
371,Priya,23.0,Operations,64791.02,1.5
372,Hannah,42.0,Operations,61939.76,6.2
373,Mohan,18.0,It,66225.98,10.5
374,Alice,28.0,Operations,50339.31,5.3
375,Priya,20.0,It,77280.47,8.4
376,Grace,25.0,Operations,,3.7
377,Eva,31.0,Marketing,35959.86,4.9
378,Charlie,24.0,Operations,41766.03,4.4
379,Lata,39.0,Finance,60646.25,3.8
380,Priya,,Operations,56151.74,4.6
381,Tom,12.0,Operations,88446.19,0.1
382,Eva,,Marketing,63296.76,4.0
383,Nina,30.0,Sales,80888.18,9.0
384,Eva,99.0,Marketing,29263.14,2.1
385,Omar,26.0,Finance,72212.54,1.8
386,Rahul,30.0,Sales,49267.25,5.2
387,Nina,21.0,Hr,49026.86,5.3
388,Uma,18.0,Hr,56274.63,6.1
389,Eva,42.0,Finance,38631.25,4.7
390,Lata,15.0,Marketing,66641.78,5.2
391,Priya,49.0,It,62860.72,3.9
392,Priya,36.0,Finance,63992.88,1.2
393,Grace,35.0,Sales,73305.47,4.8
394,David,35.0,Sales,82721.73,7.2
395,Alice,28.0,Operations,54544.33,6.5
396,Eva,33.0,Hr,67160.26,-0.2
397,Jack,28.0,Sales,64394.82,5.8
398,Eva,34.0,Finance,65664.22,2.3
399,David,30.0,Sales,65888.96,9.2
400,Bob,,Finance,83857.55,6.0
401,Uma,23.0,It,53104.85,7.7
402,Jack,22.0,Operations,37113.96,5.1
403,Tom,38.0,Hr,49531.89,4.8
404,Alice,,Sales,71359.0,9.5
405,Eva,15.0,Finance,60349.94,7.9
406,Mohan,33.0,Marketing,52986.01,5.4
407,David,42.0,Hr,43852.54,4.4
408,Priya,36.0,It,63319.29,-0.1
409,Priya,25.0,Finance,69667.59,6.0
410,Bob,17.0,Operations,64588.08,4.6
411,Rahul,29.0,Operations,56200.05,6.7
412,Uma,29.0,It,62199.62,7.6
413,Lata,22.0,It,62112.64,8.7
414,Sara,34.0,Operations,,6.0
415,Charlie,45.0,Sales,42235.43,1.9
416,Alice,32.0,Sales,62959.9,-1.4
417,Alice,31.0,Finance,53391.05,2.5
418,Tom,23.0,Marketing,75609.28,9.0
419,Kiran,41.0,Finance,61993.78,10.5
420,Eva,29.0,Marketing,72532.19,4.3
421,Lata,25.0,It,55473.28,0.6
422,Charlie,31.0,Hr,56014.29,3.1
423,Alice,34.0,Finance,82413.77,8.4
424,Alice,31.0,Finance,66545.03,3.2
425,Hannah,40.0,Marketing,49282.28,6.8
426,Jack,33.0,It,73454.62,5.5
427,Kiran,28.0,It,52000.43,7.1
428,Lata,33.0,Marketing,63385.47,10.5
429,,34.0,It,87550.12,6.8
430,Lata,20.0,Operations,,5.4
431,Nina,39.0,Sales,57363.27,10.8
432,Bob,28.0,Operations,66124.07,6.0
433,Tom,28.0,Hr,,2.6
434,Sara,36.0,Finance,41381.49,7.1
435,Charlie,36.0,Hr,36963.15,6.3
436,Rahul,24.0,Finance,76361.24,4.1
437,,36.0,Sales,49193.78,3.4
438,Jack,26.0,It,48565.76,4.1
439,Bob,45.0,Operations,83253.75,3.4
440,Tom,23.0,Marketing,61045.53,4.2
441,Ian,32.0,Operations,61143.57,2.5
442,Grace,24.0,Sales,57303.01,6.2
443,David,48.0,Hr,41640.27,5.9
444,,20.0,Marketing,70135.45,6.0
445,Mohan,34.0,It,66141.76,4.8
446,Kiran,24.0,Sales,62530.37,4.5
447,David,27.0,Marketing,58255.15,9.3
448,David,34.0,Sales,,5.2
449,Jack,40.0,Sales,73687.25,8.8
450,Eva,43.0,It,57880.6,2.0
451,Ian,18.0,Finance,59039.08,6.8
452,Charlie,32.0,Marketing,67948.4,2.8
453,Rahul,42.0,It,63119.41,3.3
454,Charlie,17.0,Sales,84634.14,3.8
455,Priya,33.0,It,33579.5,3.6
456,David,30.0,Finance,,3.6
457,Sara,33.0,Operations,49415.91,8.7
458,Rahul,24.0,Marketing,45868.7,5.1
459,Grace,19.0,Finance,53144.04,5.7
460,Eva,15.0,Hr,60820.19,3.6
461,Lata,38.0,Marketing,61486.04,7.6
462,Rahul,39.0,Finance,37240.41,6.1
463,Mohan,32.0,Sales,51883.74,4.1
464,Charlie,26.0,Marketing,64218.32,0.2
465,Ian,17.0,Marketing,46846.04,5.6
466,Rahul,35.0,It,43278.24,6.7
467,Rahul,21.0,Sales,26158.02,2.1
468,Uma,24.0,Hr,50052.1,4.1
469,Priya,25.0,Operations,42755.56,6.6
470,Mohan,28.0,Finance,707745.0,0.3
471,Tom,24.0,It,55922.7,3.1
472,Rahul,30.0,Finance,51002.57,6.1
473,David,25.0,Hr,42506.43,8.3
474,Lata,36.0,Hr,28262.38,11.6
475,Ian,38.0,Marketing,64534.67,10.9
476,,31.0,Hr,71292.41,5.4
477,Lata,34.0,Finance,54048.83,3.5
478,Ian,47.0,Sales,56013.36,7.8
479,Grace,21.0,Sales,60042.16,3.4
480,Nina,20.0,Marketing,83681.75,2.7
481,Uma,36.0,Operations,36484.38,4.1
482,Tom,89.0,Finance,53782.65,3.7
483,Omar,,Finance,34170.41,6.2
484,Priya,44.0,Hr,65434.78,3.2
485,Eva,107.0,Finance,57840.62,5.3
486,Charlie,25.0,It,63044.88,9.8
487,Lata,22.0,Operations,62296.84,5.4
488,Uma,35.0,Hr,74860.62,9.6
489,David,23.0,It,68071.99,8.6
490,,31.0,Marketing,72457.62,6.8
491,Grace,43.0,Sales,44016.98,3.9
492,Mohan,28.0,Marketing,77897.56,8.1
493,Jack,41.0,Sales,49164.56,4.3
494,Grace,20.0,Marketing,50026.96,5.0
495,Nina,26.0,Finance,64062.64,6.0
496,Eva,19.0,It,64528.77,5.0
497,Charlie,31.0,Sales,43922.15,2.8
498,,36.0,Hr,57400.81,0.4
499,Kiran,31.0,It,82323.53,7.9
500,Sara,40.0,Hr,37974.95,6.7
501,Omar,24.0,It,82278.29,-0.2
502,Lata,32.0,It,56374.52,2.8
503,Ian,26.0,Marketing,24933.68,5.5
504,Jack,33.0,Sales,39499.02,6.3
505,Lata,,Sales,45547.84,0.4
506,Rahul,35.0,It,50641.06,4.7
507,Frank,21.0,Finance,,6.6
508,Grace,23.0,Finance,19447.8,3.9
509,Nina,24.0,Hr,62802.07,5.8
510,Mohan,28.0,Hr,44173.64,3.5
511,Hannah,31.0,Marketing,80857.84,7.7
512,Jack,36.0,It,,2.6
513,Ian,23.0,Hr,,1.6
514,Sara,17.0,Hr,76655.23,5.1
515,Bob,47.0,Operations,76249.1,0.7
516,Eva,21.0,It,51503.9,-1.3
517,Eva,37.0,Marketing,51312.0,8.3
518,Frank,30.0,Hr,56625.4,2.0
519,Tom,32.0,Marketing,69543.56,1.0
520,Hannah,30.0,Sales,52339.57,2.6
521,Priya,27.0,Marketing,58211.06,2.4
522,Mohan,34.0,Finance,,4.6
523,Alice,26.0,Finance,46426.62,1.7
524,Uma,39.0,Marketing,45478.38,6.5
525,Rahul,35.0,Finance,57626.04,6.9
526,Grace,35.0,Sales,59612.68,1.2
527,Mohan,26.0,It,66508.28,3.1
528,David,28.0,Finance,70078.3,3.4
529,,20.0,Finance,43514.06,4.5
530,Frank,27.0,Marketing,47818.73,8.2
531,Tom,22.0,Sales,45438.72,8.4
532,Lata,41.0,It,81186.71,12.5
533,Grace,30.0,Marketing,58195.94,-1.8
534,Jack,31.0,Marketing,60241.94,2.2
535,Tom,28.0,Operations,60866.62,10.4
536,Grace,32.0,Sales,49264.95,-0.4
537,Charlie,50.0,It,83464.04,10.4
538,Mohan,28.0,Sales,66165.4,5.4
539,Mohan,25.0,It,60593.86,5.6
540,Sara,34.0,Sales,43421.15,1.2
541,Uma,10.0,Marketing,42571.01,3.6
542,Hannah,31.0,Marketing,55366.39,10.2
543,,27.0,Hr,49500.12,4.9
544,Grace,22.0,Finance,,3.7
545,Alice,34.0,Operations,,6.2
546,Charlie,30.0,Sales,56753.58,4.4
547,Mohan,16.0,Operations,62126.78,6.0
548,Rahul,25.0,Hr,,2.5
549,Alice,,Finance,44885.99,4.8
550,Frank,32.0,Sales,45406.19,3.1
551,Frank,32.0,It,78194.59,-0.4
552,Lata,24.0,Finance,41223.63,6.4
553,Mohan,34.0,Marketing,65447.73,1.3
554,Mohan,20.0,Hr,67793.19,4.5
555,Omar,22.0,Finance,58180.87,7.8
556,Priya,33.0,Finance,86517.44,0.5
557,Kiran,24.0,Marketing,67525.78,6.8
558,Eva,29.0,Sales,87643.55,4.1
559,,25.0,It,50234.04,2.1
560,Charlie,27.0,Marketing,50490.82,11.1
561,Tom,27.0,It,67913.06,5.0
562,Uma,24.0,Sales,56078.02,3.3
563,Sara,32.0,Finance,85284.98,2.7
564,Omar,25.0,It,65125.51,7.6
565,Ian,30.0,Hr,44331.39,3.2
566,Rahul,24.0,Hr,33947.75,7.3
567,Nina,18.0,Marketing,58826.42,5.0
568,Omar,37.0,Sales,58663.15,8.3
569,,34.0,Marketing,64706.49,1.9
570,Charlie,48.0,Marketing,78160.36,2.3
571,Priya,22.0,Operations,76186.7,4.2
572,Kiran,28.0,Marketing,51316.48,4.4
573,Lata,29.0,Operations,40592.71,3.9
574,Jack,38.0,Hr,41488.18,12.9
575,Priya,26.0,Hr,48947.97,11.2
576,Hannah,21.0,Marketing,54499.03,5.9
577,Frank,40.0,Hr,64575.93,6.3
578,Lata,27.0,Sales,,4.3
579,Hannah,37.0,Operations,64205.88,1.9
580,David,36.0,Operations,65430.6,4.5
581,Hannah,30.0,Marketing,62150.16,7.3
582,Sara,29.0,Hr,43070.66,8.9
583,Eva,27.0,It,67017.4,8.0
584,Ian,,Operations,91219.04,0.5
585,David,37.0,Marketing,63688.45,4.1
586,,24.0,Marketing,15703.87,0.6
587,Ian,31.0,Sales,,8.5
588,Alice,21.0,Finance,49458.78,3.8
589,Uma,22.0,Finance,93985.69,4.9
590,Mohan,,Operations,61745.45,6.4
591,Priya,14.0,Sales,34729.49,13.3
592,Mohan,46.0,Sales,29029.54,5.8
593,Nina,20.0,Sales,83096.11,4.3
594,Charlie,30.0,Operations,76588.57,1.3
595,Frank,39.0,Finance,93390.28,9.4
596,Sara,23.0,Sales,60163.87,4.5
597,Tom,12.0,Hr,59152.05,10.0
598,Eva,26.0,Marketing,54259.22,8.3
599,Omar,23.0,Marketing,50125.65,3.6
600,Bob,12.0,It,54113.56,0.8
601,Jack,32.0,It,63261.95,5.8
602,Sara,32.0,Operations,47341.49,3.2
603,Mohan,39.0,Operations,34960.66,5.1
604,Eva,21.0,Marketing,62398.15,8.1
605,Alice,,Hr,47007.07,0.0
606,Alice,27.0,Finance,,5.8
607,Sara,29.0,Finance,68288.51,7.3
608,Omar,37.0,Operations,43379.11,7.4
609,Rahul,41.0,Hr,69926.84,0.9
610,Kiran,40.0,Operations,69567.72,6.3
611,Rahul,32.0,Finance,64253.85,8.6
612,Mohan,36.0,Operations,,6.0
613,Alice,25.0,Sales,57929.22,4.7
614,Bob,31.0,Operations,55715.41,8.4
615,Ian,,Marketing,70255.09,2.9
616,Charlie,31.0,Operations,59168.29,0.4
617,Alice,31.0,Marketing,77407.4,4.4
618,Priya,,Hr,40967.91,6.6
619,Frank,28.0,Finance,41217.38,8.1
620,Rahul,31.0,It,71487.14,6.6
621,Eva,32.0,It,42527.84,7.5
622,Eva,26.0,Finance,,8.1
623,Frank,24.0,It,65550.04,4.0
624,Charlie,40.0,Operations,49582.68,4.6
625,Eva,22.0,Hr,65507.55,8.9
626,Eva,19.0,Hr,41481.11,1.4
627,Jack,35.0,Finance,45001.5,6.3
628,Jack,39.0,It,56442.18,2.8
629,Tom,,Operations,61183.92,8.3
630,Rahul,27.0,Hr,55445.42,4.9
631,Nina,32.0,Hr,66496.74,5.0
632,Ian,24.0,Sales,65827.0,10.2
633,Nina,24.0,Sales,82940.5,1.8
634,Alice,37.0,Hr,58570.72,5.6
635,Tom,35.0,Finance,77918.45,4.5
636,Mohan,40.0,Marketing,73810.88,6.6
637,Mohan,20.0,Marketing,94409.66,10.8
638,David,26.0,Operations,58091.13,3.2
639,Alice,32.0,Hr,53694.62,1.4
640,Rahul,23.0,Hr,78865.41,2.6
641,Hannah,35.0,Hr,65781.49,4.3
642,Bob,40.0,Finance,79224.89,5.2
643,Hannah,25.0,Sales,70751.98,5.3
644,Grace,30.0,Hr,28398.57,10.4
645,Bob,42.0,Hr,65644.83,9.9
646,Charlie,44.0,It,64668.24,8.9
647,Sara,36.0,Finance,61996.6,12.5
648,Lata,35.0,Operations,58016.35,7.5
649,Alice,23.0,Hr,36117.85,8.3
650,Lata,33.0,It,73112.65,7.4
651,Eva,,Marketing,65606.53,6.9
652,Rahul,28.0,Operations,76529.35,6.2
653,Priya,25.0,Hr,36918.67,3.8
654,Omar,20.0,Hr,67607.02,1.3
655,,16.0,It,56480.11,4.6
656,Eva,14.0,Finance,62156.82,6.7
657,Nina,35.0,Hr,56652.61,5.2
658,Bob,31.0,Marketing,68154.12,1.8
659,Kiran,26.0,Hr,57556.9,4.5
660,Tom,27.0,Marketing,44221.28,4.3
661,Grace,32.0,Operations,61296.38,4.8
662,Frank,29.0,Operations,56787.38,6.5
663,Bob,19.0,Sales,58749.1,7.1
664,Frank,37.0,Sales,12182.83,3.5
665,Sara,,Marketing,70239.54,7.9
666,Bob,,Finance,55280.05,8.4
667,Sara,37.0,Hr,39777.7,6.0
668,Omar,23.0,Hr,73838.45,7.0
669,Tom,40.0,Sales,69545.49,8.0
670,Bob,29.0,Marketing,55090.2,1.7
671,Uma,37.0,Hr,42717.46,8.2
672,Frank,36.0,Hr,62670.46,2.6
673,Alice,22.0,Finance,,2.9
674,Omar,34.0,It,73865.01,5.6
675,Jack,33.0,Sales,53343.97,-1.4
676,Tom,30.0,Sales,77923.83,5.5
677,Rahul,29.0,It,51896.2,7.9
678,Eva,29.0,Hr,39812.52,0.1
679,David,37.0,Finance,43015.76,8.3
680,Jack,35.0,Finance,59063.83,2.9
681,Rahul,30.0,Sales,59017.28,5.6
682,Jack,18.0,Finance,64917.92,3.3
683,Rahul,34.0,Operations,58644.39,6.7
684,Uma,,It,74659.78,8.1
685,Eva,48.0,Hr,56083.59,6.9
686,Bob,39.0,Operations,30055.86,5.0
687,Frank,15.0,It,58183.55,3.6
688,Bob,31.0,Marketing,29898.32,4.8
689,Mohan,44.0,Sales,64070.86,7.0
690,Kiran,35.0,Finance,75857.89,7.1
691,Kiran,33.0,Marketing,45206.63,6.7
692,Priya,37.0,Finance,81278.35,1.2
693,Kiran,25.0,Operations,72642.47,4.9
694,,34.0,Hr,78097.2,3.1
695,Omar,28.0,Hr,62843.46,7.0
696,Priya,,Hr,45108.52,2.7
697,Kiran,37.0,Finance,71712.23,6.4
698,Priya,23.0,Marketing,50630.99,4.2
699,Hannah,40.0,Hr,61768.27,-0.6
700,David,27.0,Marketing,57429.74,7.8
701,Hannah,32.0,Finance,76870.44,4.9
702,David,19.0,Operations,70954.91,8.8
703,Charlie,36.0,Marketing,58791.51,0.0
704,Charlie,42.0,Operations,30725.89,4.1
705,Sara,26.0,Finance,50471.59,4.4
706,Tom,21.0,Finance,70563.33,5.8
707,Tom,32.0,Sales,64201.65,1.0
708,Eva,42.0,Finance,37451.67,6.6
709,Sara,18.0,Finance,32901.18,10.7
710,,21.0,It,,6.4
711,Frank,26.0,Hr,44144.14,5.3
712,Alice,23.0,Sales,45588.05,0.9
713,Eva,23.0,Sales,70089.12,2.7
714,Ian,13.0,Sales,78033.58,4.8
715,Lata,35.0,It,48739.47,3.4
716,Nina,33.0,Operations,59328.6,8.1
717,Bob,16.0,Finance,58886.3,6.6
718,Rahul,42.0,Hr,57536.94,13.1
719,Nina,43.0,Marketing,60608.98,2.1
720,Mohan,24.0,Operations,71347.48,5.1
721,Ian,39.0,Finance,49891.13,0.8
722,Omar,,It,37120.84,-1.7
723,Omar,,Finance,85350.15,7.2
724,Kiran,,Finance,76341.33,6.5
725,Priya,48.0,It,43445.43,2.4
726,Rahul,28.0,Sales,62034.48,5.3
727,David,31.0,Sales,75160.53,3.1
728,Alice,24.0,Hr,71235.66,3.5
729,Hannah,113.0,Hr,66930.2,4.0
730,Rahul,45.0,Sales,57446.6,2.3
731,Charlie,43.0,Operations,85909.56,2.9
732,Uma,38.0,Marketing,63312.88,2.9
733,,25.0,Finance,52275.61,6.3
734,Omar,37.0,Marketing,73066.14,-3.3
735,Nina,30.0,Finance,61440.88,4.3
736,Nina,,Sales,65246.97,1.7
737,Bob,39.0,Hr,63047.24,1.8
738,Mohan,25.0,Operations,67451.63,3.4
739,Nina,38.0,Hr,45323.16,5.0
740,Tom,35.0,Marketing,38233.4,4.4
741,Grace,8.0,Hr,81511.99,1.8
742,Charlie,36.0,Sales,63743.77,7.2
743,Omar,27.0,Operations,71562.71,2.3
744,Nina,23.0,Marketing,33603.61,2.8
745,Kiran,23.0,Operations,76000.25,5.9
746,Omar,29.0,Finance,52177.72,6.0
747,Mohan,34.0,Hr,47906.73,3.2
748,,19.0,Operations,59049.4,-3.8
749,Frank,32.0,It,45330.3,2.3
750,Charlie,35.0,Hr,59974.02,5.5
751,Tom,45.0,Finance,57954.92,7.1
752,Omar,21.0,Operations,75905.94,4.8
753,Eva,27.0,Marketing,82700.17,3.6
754,Jack,32.0,Finance,82222.74,11.9
755,Grace,39.0,It,26032.28,3.9
756,Rahul,28.0,Operations,45972.5,6.8
757,,40.0,Sales,25876.7,1.0
758,Lata,15.0,Hr,42096.87,1.7
759,Rahul,20.0,Marketing,50257.23,6.9
760,Mohan,33.0,Sales,66158.42,8.1
761,Uma,19.0,Operations,52201.0,3.8
762,David,21.0,Operations,52618.95,-0.5
763,Jack,26.0,Finance,62726.47,4.5
764,Charlie,36.0,Operations,34360.36,5.6
765,Ian,15.0,Marketing,47421.1,5.3
766,Mohan,31.0,Sales,52446.65,3.3
767,Sara,38.0,Marketing,56963.97,4.5
768,Omar,28.0,It,61154.31,2.8
769,David,27.0,It,82509.75,1.7
770,Omar,33.0,Hr,73625.04,7.3
771,Bob,28.0,Hr,48460.35,5.3
772,Omar,41.0,It,56080.06,4.5
773,Hannah,21.0,Operations,55058.41,3.5
774,Hannah,30.0,Marketing,52287.71,4.5
775,Rahul,32.0,It,64087.74,5.5
776,Lata,27.0,Hr,32103.31,10.2
777,Tom,7.0,It,,7.0
778,Jack,29.0,Operations,85403.26,3.0
779,Ian,37.0,It,55952.39,3.0
780,Eva,36.0,Marketing,55659.53,2.6
781,Frank,33.0,Sales,62355.66,4.4
782,Uma,21.0,Operations,,2.6
783,Bob,33.0,Hr,55135.59,6.4
784,Mohan,25.0,Marketing,74009.18,-2.9
785,Frank,33.0,It,67327.42,6.6
786,Eva,31.0,It,95424.17,5.8
787,Alice,22.0,Sales,55070.07,8.8
788,Frank,23.0,Hr,30359.99,7.6
789,Frank,33.0,Hr,38505.91,2.9
790,Priya,28.0,Finance,60178.92,7.3
791,David,23.0,Hr,,4.5
792,Kiran,23.0,Sales,50212.36,-0.8
793,Ian,28.0,Finance,,5.5
794,Charlie,43.0,Finance,70272.64,3.1
795,Tom,26.0,It,45521.51,5.0
796,Hannah,30.0,It,50830.96,10.0
797,Eva,31.0,Hr,,5.7
798,David,21.0,Finance,77673.42,1.9
799,Frank,16.0,It,83125.09,7.9
800,Bob,22.0,Sales,36308.78,6.1
801,Uma,32.0,It,57867.22,1.6
802,Kiran,31.0,Operations,,0.2
803,David,36.0,Operations,65980.43,2.1
804,Omar,31.0,It,52661.41,7.5
805,Frank,29.0,Finance,36807.57,4.1
806,Rahul,,Finance,77294.17,5.2
807,Frank,37.0,Marketing,65407.73,1.0
808,Tom,23.0,Operations,37905.2,7.6
809,,21.0,Sales,77848.37,-1.0
810,Omar,35.0,Finance,35993.95,3.0
811,Kiran,19.0,Hr,56692.71,6.3
812,Hannah,49.0,Operations,56030.78,1.6
813,Tom,31.0,Sales,84275.72,6.8
814,Mohan,33.0,Sales,56084.31,2.4
815,Lata,24.0,Finance,,1.3
816,Eva,27.0,Sales,39553.82,8.9
817,Frank,27.0,Finance,50394.03,5.5
818,David,26.0,It,47740.57,6.6
819,Tom,,Operations,48521.66,8.1
820,Uma,26.0,Marketing,60094.27,-2.9
821,Alice,,It,23487.35,6.9
822,Uma,51.0,Operations,37346.55,2.7
823,Rahul,28.0,Finance,58334.72,3.1
824,Lata,31.0,Operations,61818.82,6.3
825,Omar,33.0,Finance,56498.51,3.9
826,Alice,44.0,It,59388.08,6.8
827,Nina,29.0,Hr,53863.25,4.9
828,Frank,23.0,Hr,59722.43,5.5
829,Eva,20.0,Operations,66512.13,3.5
830,Kiran,30.0,Hr,,1.8
831,David,26.0,Finance,49665.62,2.8
832,Mohan,46.0,Sales,73726.42,4.7
833,Kiran,44.0,Finance,62356.63,10.5
834,,22.0,Sales,78483.21,9.4
835,Alice,24.0,It,81493.09,3.0
836,Frank,,Marketing,38359.1,5.2
837,Sara,41.0,Sales,,4.1
838,Jack,30.0,Hr,72203.22,5.4
839,Eva,25.0,Finance,,5.8
840,Jack,30.0,It,81302.65,6.6
841,Lata,25.0,Hr,54841.77,-3.7
842,Bob,35.0,It,68625.5,6.1
843,Mohan,24.0,Marketing,58254.14,3.8
844,Hannah,26.0,Finance,39114.16,2.9
845,Bob,39.0,Operations,,7.4
846,Uma,24.0,Finance,684495.0,9.4
847,Alice,18.0,Marketing,52274.88,7.1
848,Eva,31.0,Finance,55164.62,3.4
849,Ian,27.0,Operations,20263.51,1.8
850,Rahul,34.0,Sales,80272.54,-4.0
851,Ian,33.0,It,73676.48,5.5
852,Kiran,30.0,Operations,33999.24,6.7
853,Omar,30.0,Hr,29026.72,4.7
854,Frank,24.0,Marketing,30761.53,7.8
855,Charlie,31.0,Sales,69677.54,1.0
856,Rahul,37.0,Hr,71174.87,4.5
857,Eva,22.0,Hr,46149.99,4.2
858,Lata,30.0,Marketing,67488.9,4.7
859,Sara,38.0,Sales,62383.16,8.5
860,Nina,34.0,Hr,54490.95,4.7
861,Kiran,40.0,Hr,74552.95,4.1
862,Ian,25.0,Sales,41925.97,2.2
863,Bob,15.0,Finance,77213.09,9.0
864,Lata,32.0,Hr,49072.18,0.7
865,Charlie,33.0,It,86723.05,3.3
866,Charlie,41.0,Sales,,10.1
867,Alice,40.0,Hr,54726.42,6.4
868,Hannah,34.0,Marketing,60878.81,4.9
869,Hannah,36.0,Operations,60784.78,5.1
870,Kiran,28.0,It,67362.43,2.2
871,Ian,20.0,Operations,40714.76,4.8
872,Eva,31.0,Operations,59440.31,4.0
873,Nina,38.0,Hr,62071.98,5.5
874,Charlie,35.0,It,52083.93,0.5
875,Eva,37.0,It,66060.88,6.2
876,Eva,27.0,Finance,39804.45,8.0
877,Tom,28.0,Operations,,4.4
878,Nina,34.0,It,,6.9
879,,26.0,Finance,55148.54,5.9
880,Mohan,26.0,Sales,81705.53,3.2
881,Jack,32.0,Finance,81996.84,1.8
882,Sara,89.0,Marketing,79056.25,2.2
883,Hannah,28.0,Hr,53066.14,5.9
884,Hannah,21.0,Sales,73614.27,4.8
885,Grace,24.0,Sales,61685.43,8.8
886,Hannah,32.0,Marketing,60683.85,7.4
887,Nina,32.0,Finance,58839.58,7.4
888,Tom,32.0,Hr,,5.8
889,Frank,34.0,Finance,80487.58,2.1
890,Alice,30.0,It,71173.45,6.0
891,Omar,32.0,Finance,57445.49,5.2
892,Alice,30.0,Sales,60593.41,1.6
893,Rahul,39.0,Hr,67958.5,8.6
894,Alice,41.0,Finance,52175.87,8.3
895,Omar,20.0,Hr,74074.74,1.6
896,Bob,28.0,Hr,46181.32,3.1
897,Nina,30.0,It,65877.66,3.4
898,Hannah,28.0,It,25654.27,6.8
899,Hannah,44.0,Sales,51740.72,6.5
900,Tom,93.0,Marketing,91165.16,5.1
901,Grace,24.0,Hr,75542.87,5.8
902,Tom,35.0,Marketing,83032.03,1.1
903,Frank,32.0,Sales,49990.38,6.1
904,Frank,32.0,Hr,,4.7
905,Charlie,44.0,Hr,79229.88,3.0
906,Grace,33.0,Operations,69496.42,0.4
907,Tom,28.0,Marketing,67628.49,5.1
908,Hannah,14.0,Finance,84458.73,6.1
909,Jack,29.0,It,44393.18,-0.1
910,Uma,40.0,Finance,57236.43,5.1
911,Omar,29.0,Marketing,33688.72,5.4
912,Omar,12.0,It,43573.41,3.3
913,Alice,26.0,Finance,76112.78,6.1
914,Uma,38.0,Operations,46239.76,4.6
915,Grace,34.0,It,71032.86,5.8
916,David,23.0,Hr,84877.28,6.6
917,Frank,25.0,Finance,57330.93,6.6
918,Alice,27.0,It,67797.95,8.1
919,Eva,25.0,Operations,71149.68,6.0
920,Alice,14.0,It,41677.57,3.6
921,David,36.0,It,50753.21,3.1
922,Bob,40.0,Operations,44945.08,1.8
923,Jack,18.0,Finance,51949.15,5.5
924,Eva,40.0,Sales,70741.66,9.0
925,Jack,29.0,Finance,51072.05,3.9
926,Alice,40.0,Marketing,59472.7,6.3
927,Frank,30.0,Operations,44363.08,2.7
928,,31.0,Finance,,5.6
929,Omar,33.0,It,51823.35,8.8
930,David,24.0,Operations,82844.71,7.1
931,Mohan,40.0,Hr,60913.94,0.3
932,Uma,21.0,Finance,38895.01,6.7
933,Omar,27.0,Operations,57434.6,6.8
934,Hannah,,Finance,44058.35,5.5
935,Eva,26.0,Operations,68840.24,7.0
936,Omar,36.0,It,56079.56,2.5
937,David,41.0,Hr,62448.15,5.2
938,Lata,38.0,Hr,54459.7,8.3
939,Mohan,15.0,Marketing,51669.87,8.1
940,Bob,31.0,Operations,45395.67,6.6
941,Tom,38.0,Finance,72543.34,2.4
942,Tom,19.0,Hr,57402.7,1.9
943,David,36.0,Hr,55279.64,5.3
944,David,35.0,Sales,57026.79,5.5
945,Kiran,20.0,Sales,49817.07,4.7
946,Eva,37.0,Hr,797640.0,2.6
947,Uma,32.0,Operations,63084.45,6.3
948,,35.0,Marketing,44487.95,5.3
949,Jack,22.0,Hr,46659.72,5.9
950,Hannah,31.0,It,80674.26,6.8
951,Frank,16.0,Finance,54558.65,4.2
952,Frank,12.0,Marketing,51726.59,3.5
953,Hannah,31.0,It,39841.93,8.3
954,Omar,39.0,Marketing,72760.16,2.7
955,Nina,32.0,It,44161.11,3.6
956,Kiran,29.0,Finance,59770.61,8.7
957,Lata,,Finance,34377.22,3.4
958,Mohan,22.0,Sales,72272.59,4.7
959,,28.0,Operations,77652.84,3.8
960,Sara,33.0,It,67267.81,-0.3
961,Alice,27.0,Sales,36982.8,4.6
962,Omar,36.0,It,72581.43,2.0
963,Hannah,32.0,Sales,47589.77,5.8
964,Kiran,33.0,Finance,42435.42,8.3
965,Lata,,Marketing,54248.08,-1.6
966,Lata,26.0,Sales,53949.48,3.8
967,David,35.0,It,52424.27,6.4
968,Priya,27.0,It,79105.11,-1.6
969,David,33.0,Operations,90177.39,9.0
970,Eva,25.0,Finance,39462.95,6.1
971,Eva,23.0,It,49667.51,8.2
972,Hannah,31.0,Hr,62141.23,3.3
973,Jack,15.0,Marketing,54169.25,3.7
974,Rahul,28.0,Sales,65990.98,4.5
975,Ian,17.0,Operations,73739.78,11.4
976,Tom,36.0,Marketing,71240.49,9.0
977,Nina,38.0,Finance,69146.0,5.4
978,Hannah,23.0,Operations,84886.43,5.8
979,Ian,33.0,Sales,36165.79,6.9
980,,37.0,Sales,82201.63,12.2
981,Alice,37.0,Hr,,6.1
982,Nina,32.0,Finance,71776.88,5.1
983,Eva,36.0,Operations,44555.01,4.0
984,Nina,25.0,Operations,46372.55,5.7
985,David,31.0,It,69931.76,3.2
986,Alice,26.0,Hr,31069.05,6.5
987,Tom,24.0,Hr,74841.63,0.7
988,Hannah,30.0,Operations,78899.45,4.2
989,Omar,33.0,Operations,62666.77,7.2
990,Omar,39.0,Marketing,62126.42,6.1
991,Ian,32.0,Marketing,47495.46,3.6
992,Ian,35.0,Marketing,70116.74,4.3
993,Jack,35.0,Hr,65214.98,8.1
994,Uma,52.0,It,46177.42,1.4
995,Ian,16.0,Sales,54127.8,1.4
996,Charlie,24.0,Marketing,57609.97,2.2
997,,42.0,It,54107.97,5.0
998,Kiran,27.0,Finance,39556.33,0.9
999,Frank,37.0,Marketing,70485.3,7.9
1000,Bob,32.0,Sales,56347.34,2.2
1001,Grace,47.0,Finance,60230.47,5.7
1002,Sara,21.0,Finance,51326.0,3.3
1003,Bob,40.0,Sales,67129.07,4.8
1004,Rahul,44.0,Marketing,62980.44,0.2
1005,Kiran,22.0,Hr,78191.77,8.0
1006,Lata,36.0,Sales,67208.98,2.1
1007,Tom,22.0,Sales,56959.73,1.8
1008,Grace,30.0,Sales,48904.25,12.1
1009,Uma,28.0,Finance,72989.29,6.7
1010,Frank,11.0,It,55761.36,7.9
1011,Alice,33.0,Hr,57424.24,6.4
1012,Rahul,31.0,Marketing,57420.43,3.6
1013,Kiran,42.0,Marketing,53975.88,1.1
1014,Sara,35.0,It,57681.92,4.1
1015,Rahul,48.0,Sales,88893.11,2.1
1016,Grace,111.0,Hr,44282.67,2.2
1017,Rahul,29.0,Marketing,47782.44,0.3
1018,Uma,29.0,Operations,80764.87,5.3
1019,Ian,26.0,Marketing,54377.93,9.7
1020,Rahul,12.0,Sales,53240.68,6.7
1021,Uma,28.0,Operations,75522.96,4.7
1022,Hannah,13.0,It,38697.07,4.9
1023,,34.0,Hr,72321.82,-4.1
1024,Grace,20.0,It,60684.25,3.7
1025,Alice,23.0,It,66972.03,0.7
1026,Mohan,25.0,Hr,66690.46,5.4
1027,Tom,28.0,Hr,50580.26,4.2
1028,Tom,30.0,Marketing,75767.76,2.4
1029,Rahul,39.0,Marketing,51747.93,5.3
1030,Mohan,25.0,Hr,66132.74,5.3
1031,Priya,34.0,Operations,78565.87,9.6
1032,Hannah,52.0,Finance,80683.53,7.1
1033,Tom,33.0,Marketing,55993.1,5.7
1034,Sara,29.0,Finance,66947.03,2.2
1035,Alice,24.0,Operations,54607.67,1.8
1036,Nina,,Hr,97556.94,6.8
1037,Tom,103.0,Operations,71701.89,4.4
1038,Omar,32.0,Marketing,61260.88,5.7
1039,Sara,31.0,It,64688.43,7.9
1040,Bob,13.0,Hr,66106.58,0.5
1041,Rahul,30.0,Sales,66551.15,9.2
1042,Sara,39.0,Finance,56400.03,7.9
1043,Frank,27.0,Operations,54085.09,-1.2
1044,Tom,25.0,Hr,57722.2,12.1
1045,David,19.0,Operations,42904.62,6.0
1046,Alice,15.0,Hr,70774.12,3.6
1047,Hannah,37.0,Marketing,47974.42,6.6
1048,Grace,80.0,Marketing,44100.75,2.1
1049,Charlie,36.0,Marketing,59784.68,6.6
1050,Jack,,Operations,58048.16,2.6
1051,Jack,37.0,Sales,63744.52,11.1
1052,Tom,26.0,Marketing,51476.92,5.2
1053,Nina,31.0,Hr,54111.86,6.9
1054,Bob,25.0,Marketing,70381.79,2.6
1055,Alice,24.0,It,69468.26,7.4
1056,Sara,33.0,Marketing,68842.88,5.0
1057,Grace,23.0,Operations,60509.51,0.8
1058,Hannah,12.0,Sales,62533.84,4.3
1059,Alice,97.0,It,63456.58,10.8
1060,Charlie,28.0,Operations,50159.37,7.6
1061,Hannah,42.0,Operations,82110.7,3.9
1062,Omar,26.0,Operations,79973.82,-0.6
1063,Eva,34.0,Hr,71913.68,2.5
1064,Charlie,29.0,Operations,53612.08,0.8
1065,Tom,40.0,Hr,68087.16,-0.5
1066,Alice,39.0,Operations,74675.55,7.4
1067,Omar,39.0,Finance,41652.05,5.2
1068,Hannah,16.0,It,85417.68,10.4
1069,Bob,32.0,Finance,33909.19,2.0
1070,Charlie,36.0,Operations,70569.09,5.0
1071,Nina,33.0,It,81799.23,0.8
1072,Nina,35.0,It,58304.05,3.2
1073,Kiran,30.0,Sales,57743.03,4.3
1074,Priya,24.0,Finance,70014.91,3.9
1075,David,16.0,Sales,87778.23,5.2
1076,Uma,25.0,It,55783.99,7.9
1077,Eva,51.0,Hr,48285.67,7.6
1078,Nina,,It,53643.37,2.7
1079,Priya,14.0,Sales,36712.29,4.9
1080,Sara,36.0,Finance,73466.37,7.4
1081,Grace,37.0,Operations,52288.75,8.1
1082,Jack,40.0,Operations,,3.0
1083,Grace,34.0,Finance,73644.32,7.1
1084,,37.0,Operations,54346.35,6.0
1085,Tom,45.0,Operations,71386.36,1.8
1086,Priya,24.0,Sales,44428.67,7.4
1087,Tom,22.0,Finance,74380.79,5.5
1088,David,21.0,Marketing,65128.58,-0.2
1089,,28.0,Hr,58671.31,4.1
1090,Bob,41.0,Hr,61963.4,5.1
1091,Alice,34.0,Operations,40698.58,3.2
1092,Omar,34.0,Hr,61620.01,8.7
1093,Eva,15.0,Finance,57874.95,8.8
1094,Uma,24.0,Finance,41108.51,3.9
1095,,15.0,It,49933.87,3.5
1096,Jack,39.0,It,58061.32,4.6
1097,Bob,43.0,Hr,,4.4
1098,Charlie,36.0,Marketing,23818.29,3.2
1099,Lata,22.0,It,76145.81,-6.1
1100,Uma,42.0,It,57868.65,10.3
1101,Eva,,Finance,25890.75,5.0
1102,Eva,20.0,Marketing,,4.5
1103,Frank,22.0,Operations,78620.88,6.0
1104,,27.0,Hr,54765.27,4.8
1105,Bob,30.0,It,47362.54,3.7
1106,Lata,29.0,Marketing,66047.87,2.0
1107,Charlie,19.0,Marketing,63034.9,-0.5
1108,Uma,40.0,Hr,68131.35,0.9
1109,Lata,29.0,Marketing,47405.7,1.6
1110,Rahul,24.0,Marketing,,7.0
1111,Jack,39.0,Marketing,,7.2
1112,Nina,,It,70211.49,2.4
1113,Rahul,17.0,Hr,48045.91,-3.0
1114,Sara,40.0,Marketing,99722.16,5.0
1115,Tom,45.0,Marketing,70432.85,3.7
1116,,26.0,It,103263.48,3.7
1117,Nina,30.0,Hr,72414.03,7.9
1118,Ian,21.0,Finance,51578.03,5.4
1119,Hannah,30.0,It,72440.71,2.1
1120,Bob,26.0,Hr,73508.67,1.4
1121,Mohan,29.0,Marketing,65599.86,4.2
1122,Grace,33.0,Hr,69455.89,2.3
1123,Ian,21.0,Hr,71425.91,4.8
1124,Kiran,27.0,Operations,45094.78,8.1
1125,Nina,16.0,Hr,44027.12,0.9
1126,David,27.0,Finance,48086.75,5.3
1127,Mohan,29.0,Hr,61913.14,7.7
1128,Bob,32.0,Finance,56652.43,4.7
1129,Eva,32.0,Marketing,45366.44,7.2
1130,Kiran,37.0,Finance,71629.71,4.1
1131,Frank,18.0,Marketing,64245.67,5.5
1132,Sara,18.0,Marketing,62533.93,6.3
1133,Jack,34.0,Finance,56130.16,3.3
1134,David,14.0,It,54326.58,11.0
1135,Ian,31.0,Sales,47380.03,6.7
1136,Frank,21.0,Hr,74006.1,8.9
1137,,43.0,Operations,49447.61,8.2
1138,Rahul,32.0,Sales,,6.0
1139,Eva,28.0,Hr,84930.16,9.2
1140,Frank,40.0,Hr,55016.13,5.6
1141,Lata,21.0,Marketing,74410.53,2.8
1142,Jack,23.0,Hr,68530.64,5.0
1143,Frank,20.0,Operations,64672.01,2.0
1144,Hannah,23.0,Hr,66455.23,-1.3
1145,Bob,30.0,Finance,58576.4,2.4
1146,Lata,34.0,Sales,60521.64,5.2
1147,Mohan,38.0,Finance,51778.29,8.2
1148,Grace,15.0,Operations,60621.86,2.4
1149,Jack,29.0,Hr,51221.61,8.0
1150,Mohan,,Operations,75084.83,1.4
1151,Rahul,28.0,Marketing,34507.54,2.2
1152,Nina,49.0,Finance,67215.8,9.3
1153,Bob,32.0,Finance,65048.8,5.1
1154,Kiran,37.0,It,63690.24,4.5
1155,Alice,46.0,Hr,75367.48,5.7
1156,Tom,39.0,Marketing,55708.15,1.4
1157,David,26.0,Finance,63831.51,4.0
1158,Tom,20.0,Finance,34251.87,5.0
1159,Kiran,30.0,Marketing,53770.25,8.7
1160,Hannah,25.0,Operations,72836.05,-0.0
1161,Kiran,18.0,Operations,39912.57,10.3
1162,David,32.0,Hr,62396.15,4.6
1163,Rahul,32.0,It,49837.24,1.7
1164,Grace,44.0,Finance,58335.2,1.1
1165,Hannah,27.0,It,50734.84,5.8
1166,Charlie,32.0,Operations,41292.07,1.0
1167,Bob,25.0,Operations,65790.05,3.3
1168,Omar,37.0,Sales,59256.05,4.3
1169,Eva,29.0,Hr,69189.44,8.4
1170,Alice,21.0,Sales,71916.57,8.1
1171,David,30.0,Sales,78378.88,3.1
1172,Omar,33.0,Sales,62002.3,4.4
1173,Uma,32.0,Hr,79029.32,0.2
1174,Tom,38.0,Hr,45363.38,-1.1
1175,Charlie,18.0,Marketing,73634.4,1.3
1176,Uma,23.0,It,66890.86,8.4
1177,Kiran,35.0,It,63496.39,7.3
1178,Rahul,24.0,Marketing,66670.98,6.2
1179,Mohan,32.0,Marketing,45588.92,0.6
1180,Kiran,11.0,Operations,,2.9
1181,Bob,52.0,Sales,502468.0,2.4
1182,Ian,28.0,Marketing,57469.17,4.5
1183,,40.0,Finance,57255.1,4.3
1184,Ian,,It,43465.36,2.0
1185,Ian,33.0,Marketing,37773.33,6.0
1186,,42.0,Finance,58675.22,5.7
1187,Rahul,39.0,Finance,54876.18,2.8
1188,Alice,28.0,Finance,60026.02,5.9
1189,Kiran,29.0,Operations,61307.31,8.4
1190,Hannah,38.0,Operations,97341.92,9.3
1191,Jack,49.0,Finance,54921.3,6.5
1192,Grace,32.0,Operations,83699.1,6.4
1193,Charlie,46.0,Sales,84630.36,4.3
1194,Charlie,28.0,Finance,71304.36,8.1
1195,Sara,38.0,Sales,56473.11,1.8
1196,Eva,39.0,Sales,39577.91,7.7
1197,Lata,27.0,Finance,67169.16,4.1
1198,Lata,24.0,It,75282.18,9.5
1199,Tom,39.0,Finance,86215.31,6.8
1200,Frank,26.0,Finance,45750.63,4.8
190,Kiran,30.0,Marketing,612230.0,0.5
